{
    "$schema": "https://schema.management.azure.com/schemas/2019-04-01/deploymentParameters.json#",
    "contentVersion": "1.0.0.0",
    "parameters": {
      "dataGatewayNodeName": {
        "value":"dgw-aue-mgmt-hcc"
      },
      "NodeCount":{
        "value": 1
      },
      "vmSize":{
        "value": "Standard_B4ms"
      }, 
      "adminUserName": {
        "value": "eadgwadmin"
      },
      "adminPassword":{
        "reference": {
            "keyVault": {
                "id": "/subscriptions/7fb19f04-f881-46d2-864c-e9f2046c7dad/resourceGroups/arg-aue-datamig-prd-network/providers/Microsoft.KeyVault/vaults/akv-aue-mgmt-hcc-kv01"
            },
            "secretName": "ShirAdminPassword"
        }
      },
      "existingVirtualNetworkName":{
        "value": "vnt-aue-datamig-prd-10.129.4.0_23"
      },
      "existingVnetResourceGroupName":{
        "value": "arg-aue-datamig-prd-network"
      },
      "existingSubnetInYourVnet": {
        "value": "Data-Gateway-Servers"
      },
      "existingVnetLocation": {
        "value": "australiaeast"
        },
        "_artifactsLocation": {
          "value": "https://staauemgmthccsa01.blob.core.windows.net/scripts/"
        },
        "_artifactsLocationSasToken":{
          "reference": {
              "keyVault": {
                  "id": "/subscriptions/7fb19f04-f881-46d2-864c-e9f2046c7dad/resourceGroups/arg-aue-datamig-prd-network/providers/Microsoft.KeyVault/vaults/akv-aue-mgmt-hcc-kv01"
              },
              "secretName": "DGWPowershellStoragePassword"
          }
        },
        "actionGroupsId": {
          "value": "/subscriptions/7fb19f04-f881-46d2-864c-e9f2046c7dad/resourceGroups/alertsRG/providers/Microsoft.Insights/actiongroups/datamigprdActionGroup"
      },
      "tagValues" : {
          "value": {
            "applicationName": "Data Migration Landing Zone",
            "owner": "KPMG",
            "criticality": "Tier1",
            "costCentre": "1234",
            "contactEmail": "",
            "dataClassification": "Internal",
            "environment": "prd",
            "createdDate": "23-10-2024"
          }
        }    
    }
}