{
    "$schema": "https://schema.management.azure.com/schemas/2019-04-01/deploymentTemplate.json#",
    "contentVersion": "1.0.0.1",
    "parameters": {
        "hubName": {
            "type": "string"
        },
        "tagValues": {
            "type": "object"
        }
    },
    "variables": {
//        "uniqueSuffix": "[uniqueString(resourceGroup().id)]",            // not needed if unique name is passed in
//        "hubNameUnique": "[concat(parameters('hubName'), variables('uniqueSuffix'))]",  
        "location_v": "[resourceGroup().location]"
    },
    "resources": [
        {
            "apiVersion": "2021-06-01-preview",
//            "name": "[variables('hubNameUnique')]",              // not needed if unique name is passed in
            "name": "[parameters('hubName')]",
            "location": "[variables('location_v')]",
            "type": "Microsoft.Synapse/privateLinkHubs",
            "identity": {
                "type": "None"
            },
            "properties": {},
            "resources": [],
            "dependsOn": [],
            "tags": "[parameters('tagValues')]"
        }
    ],
    "outputs": {
        "synapsePLHName": {
            "type": "string",
            "value": "[parameters('hubName')]"
        }
    }
}