{
  "$schema": "https://schema.management.azure.com/schemas/2019-04-01/deploymentTemplate.json#",
  "contentVersion": "1.0.0.0",
  "metadata": {
    "_generator": {
      "name": "bicep",
      "version": "0.17.1.54307",
      "templateHash": "11664508253795316259"
    }
  },
  "parameters": {
    "existingSynapseName": {
      "type": "string",
      "metadata": {
        "description": "your existing data factory name"
      }
    },
    "existingSynapseResourceGroup": {
      "type": "string",
      "metadata": {
        "description": "your existing data factory resource group"
      }
    },
    "IntegrationRuntimeName": {
      "type": "string",
      "defaultValue": "[format('ir-{0}', uniqueString(resourceGroup().id))]",
      "metadata": {
        "description": "IR name must be unique in subscription"
      }
    },
        "IntegrationRuntimeNodeName": {
      "type": "string",
      "defaultValue": "[format('ir-{0}', uniqueString(resourceGroup().id))]",
      "metadata": {
        "description": "IR name must be unique in subscription"
      }
    },
    "NodeCount": {
      "type": "int",
      "defaultValue": 1,
      "maxValue": 4,
      "minValue": 1,
      "metadata": {
        "description": "the node count is between 1 and 4."
      }
    },
    "vmSize": {
      "type": "string",
      "defaultValue": "Standard_A4_v2",
      "metadata": {
        "description": "SKU Size for the VMs"
      }
    },
    "adminUserName": {
      "type": "string",
      "metadata": {
        "description": "User name for the virtual machine"
      }
    },
    "adminPassword": {
      "type": "securestring",
      "metadata": {
        "description": "Password for the virtual machine"
      }
    },
    "existingVirtualNetworkName": {
      "type": "string",
      "metadata": {
        "description": "your existing vnet name"
      }
    },
    "existingVnetLocation": {
      "type": "string",
      "metadata": {
        "description": "your virtual machine will be create in the same datacenter with VNET"
      }
    },
    "existingVnetResourceGroupName": {
      "type": "string",
      "metadata": {
        "description": "Name of the existing VNET resource group"
      }
    },
    "existingSubnetInYourVnet": {
      "type": "string",
      "metadata": {
        "description": "Name of the subnet in the virtual network you want to use"
      }
    },
    "_artifactsLocation": {
      "type": "string",
      "metadata": {
        "description": "The base URI where artifacts required by this template are located."
      }
    },
      "_artifactsLocationSasToken": {
      "type": "string",
      "defaultValue": "",
      "metadata": {
        "description": "The base URI where artifacts required by this template are located."
      }
    },
    "actionGroupsId": {
      "type": "String"
    }, 
    "tagValues": {
      "type" : "object"
    } 
  },
  "variables": {
    "virtualMachineName": "auehccshir",
    "subnetId": "[resourceId(parameters('existingVnetResourceGroupName'), 'Microsoft.Network/virtualNetworks/subnets', parameters('existingVirtualNetworkName'), parameters('existingSubnetInYourVnet'))]",
    "scriptURL": "[concat(uri(parameters('_artifactsLocation'), 'gatewayInstall.ps1'), parameters('_artifactsLocationSasToken'))]"
  },
  "resources": [

    {
      "type": "Microsoft.Resources/deployments",
      "apiVersion": "2022-09-01",
      "name": "nestedTemplate",
      "resourceGroup": "[parameters('existingSynapseResourceGroup')]",
      "properties": {
        "expressionEvaluationOptions": {
          "scope": "inner"
        },
        "mode": "Incremental",
        "parameters": {
          "existingSynapseName": {
            "value": "[parameters('existingSynapseName')]"
          },
          "IntegrationRuntimeName": {
            "value": "[parameters('IntegrationRuntimeName')]"
          }
        },
        "template": {
          "$schema": "https://schema.management.azure.com/schemas/2019-04-01/deploymentTemplate.json#",
          "contentVersion": "1.0.0.0",
          "metadata": {
            "_generator": {
              "name": "bicep",
              "version": "0.17.1.54307",
              "templateHash": "12535090198905133255"
            }
          },
          "parameters": {
            "existingSynapseName": {
              "type": "string"
            },
            "IntegrationRuntimeName": {
              "type": "string"
            }
          },
          "resources": [
            {
              "type": "Microsoft.Synapse/workspaces/integrationRuntimes",
              "apiVersion": "2021-06-01",
              "name": "[format('{0}/{1}', parameters('existingSynapseName'), parameters('IntegrationRuntimeName'))]",
              "properties": {
                "type": "SelfHosted",
                "description": "Self-hosted Integration runtime created using ARM template"
              }
            }
          ],
          "outputs": {
            "irId": {
              "type": "string",
              "value": "[resourceId('Microsoft.Synapse/workspaces/integrationRuntimes', split(format('{0}/{1}', parameters('existingSynapseName'), parameters('IntegrationRuntimeName')), '/')[0], split(format('{0}/{1}', parameters('existingSynapseName'), parameters('IntegrationRuntimeName')), '/')[1])]"
            }
          }
        }
      }
    },
    {
      "copy": {
        "name": "VMtemplate",
        "count": "[length(range(0, parameters('NodeCount')))]"
      },
      "type": "Microsoft.Resources/deployments",
      "apiVersion": "2022-09-01",
      "name": "[format('vmCopy-{0}', range(0, parameters('NodeCount'))[copyIndex()])]",
      "properties": {
        "expressionEvaluationOptions": {
          "scope": "inner"
        },
        "mode": "Incremental",
        "parameters": {
          "virtualMachineName": {
            "value": "[take(format('vm{0}-{1}', range(0, parameters('NodeCount'))[copyIndex()], variables('virtualMachineName')), 15)]"
          },
          "vmSize": {
            "value": "[parameters('vmSize')]"
          },
          "adminUserName": {
            "value": "[parameters('adminUserName')]"
          },
          "adminPassword": {
            "value": "[parameters('adminPassword')]"
          },
          "existingVnetLocation": {
            "value": "[parameters('existingVnetLocation')]"
          },
          "subnetId": {
            "value": "[variables('subnetId')]"
          },
          "tagValues": {
              "value" : "[parameters('tagValues')]"
          } 
        },
        "template": {
          "$schema": "https://schema.management.azure.com/schemas/2019-04-01/deploymentTemplate.json#",
          "contentVersion": "1.0.0.0",
          "metadata": {
            "_generator": {
              "name": "bicep",
              "version": "0.17.1.54307",
              "templateHash": "9503221338010603266"
            }
          },
          "parameters": {
            "virtualMachineName": {
              "type": "string"
            },
            "vmSize": {
              "type": "string"
            },
            "adminUserName": {
              "type": "string"
            },
            "adminPassword": {
              "type": "securestring"
            },
            "existingVnetLocation": {
              "type": "string"
            },
            "subnetId": {
              "type": "string"
            },
            "tagValues": {
              "type" : "object"
            } 
          },
          "variables": {
            "nicName": "[format('{0}Nic', parameters('virtualMachineName'))]"
          },
          "resources": [


            {
              "type": "Microsoft.Network/networkInterfaces",
              "apiVersion": "2022-05-01",
              "name": "[variables('nicName')]",
              "location": "[parameters('existingVnetLocation')]",
              "tags": "[parameters('tagValues')]",
              "properties": {
                "ipConfigurations": [
                  {
                    "name": "ipconfig1",
                    "properties": {
                      "privateIPAllocationMethod": "Dynamic",
                      "subnet": {
                        "id": "[parameters('subnetId')]"
                      }
                    }
                  }
                ]
              }
            },
            {
              "type": "Microsoft.Compute/virtualMachines",
              "apiVersion": "2022-08-01",
              "name": "[parameters('virtualMachineName')]",
              "location": "[parameters('existingVnetLocation')]",
               "tags": "[parameters('tagValues')]",
              "properties": {
                "hardwareProfile": {
                  "vmSize": "[parameters('vmSize')]"
                },
                "osProfile": {
                  "computerName": "[parameters('virtualMachineName')]",
                  "adminUsername": "[parameters('adminUserName')]",
                  "adminPassword": "[parameters('adminPassword')]"
                },
                "storageProfile": {
                  "imageReference": {
                    "publisher": "MicrosoftWindowsServer",
                    "offer": "WindowsServer",
                    "sku": "2022-Datacenter",
                    "version": "latest"
                  },
                  "osDisk": {
                    "name": "[format('{0}_OSDisk', parameters('virtualMachineName'))]",
                    "caching": "ReadWrite",
                    "createOption": "FromImage"
                  }
                },
                "networkProfile": {
                  "networkInterfaces": [
                    {
                      "id": "[resourceId('Microsoft.Network/networkInterfaces', variables('nicName'))]"
                    }
                  ]
                }
              },
              "dependsOn": [
                "[resourceId('Microsoft.Network/networkInterfaces', variables('nicName'))]"
              ]
            }
          ]
        }
      },
      "dependsOn": [
        "[extensionResourceId(format('/subscriptions/{0}/resourceGroups/{1}', subscription().subscriptionId, parameters('existingSynapseResourceGroup')), 'Microsoft.Resources/deployments', 'nestedTemplate')]"
      ]
    },
    {
      "copy": {
        "name": "IRInstalltemplate",
        "count": "[length(range(0, parameters('NodeCount')))]",
        "mode": "serial",
        "batchSize": 1
      },
      "type": "Microsoft.Resources/deployments",
      "apiVersion": "2022-09-01",
      "name": "[format('irInstallCopy-{0}', range(0, parameters('NodeCount'))[copyIndex()])]",
      "properties": {
        "expressionEvaluationOptions": {
          "scope": "inner"
        },
        "mode": "Incremental",
        "parameters": {
          "synapseWorkspaceId": {
            "value": "[resourceId(parameters('existingSynapseResourceGroup'), 'Microsoft.Synapse/workspaces/integrationruntimes', parameters('existingSynapseName'), parameters('IntegrationRuntimeName'))]"
          },
          "virtualMachineName": {
            "value": "[take(format('vm{0}-{1}', range(0, parameters('NodeCount'))[copyIndex()], variables('virtualMachineName')), 15)]"
          },
          "existingVnetLocation": {
            "value": "[parameters('existingVnetLocation')]"
          },
          "scriptUrl": {
            "value": "[variables('scriptURL')]"
          }
        },
        "template": {
          "$schema": "https://schema.management.azure.com/schemas/2019-04-01/deploymentTemplate.json#",
          "contentVersion": "1.0.0.0",
          "metadata": {
            "_generator": {
              "name": "bicep",
              "version": "0.17.1.54307",
              "templateHash": "8662714689762209589"
            }
          },
          "parameters": {
            "synapseWorkspaceId": {
              "type": "string"
            },
            "virtualMachineName": {
              "type": "string"
            },
            "existingVnetLocation": {
              "type": "string"
            },
            "scriptUrl": {
              "type": "string"
            }
          },
          "resources": [
            {
              "type": "Microsoft.Compute/virtualMachines/extensions",
              "apiVersion": "2022-08-01",
              "name": "[format('{0}/{1}installGW', parameters('virtualMachineName'), parameters('virtualMachineName'))]",
              "location": "[parameters('existingVnetLocation')]",
              "tags": {
                "vmname": "[parameters('virtualMachineName')]"
              },
              "properties": {
                "publisher": "Microsoft.Compute",
                "type": "CustomScriptExtension",
                "typeHandlerVersion": "1.7",
                "autoUpgradeMinorVersion": true,
                "settings": {
                  "fileUris": [
                    "[parameters('scriptUrl')]"
                  ]
                },
                "protectedSettings": {
                  "commandToExecute": "[format('powershell.exe -ExecutionPolicy Unrestricted -File gatewayInstall.ps1 {0}', listAuthKeys(parameters('synapseWorkspaceId'), '2021-06-01').authKey1)]"
                }
              }
            }
          ]
        }
      },
      "dependsOn": [
        "[extensionResourceId(format('/subscriptions/{0}/resourceGroups/{1}', subscription().subscriptionId, parameters('existingSynapseResourceGroup')), 'Microsoft.Resources/deployments', 'nestedTemplate')]",
        "VMtemplate"
      ]
    },

{
      "copy": {
        "name": "EnableMonitoringtemplate",
        "count": "[length(range(0, parameters('NodeCount')))]",
        "mode": "serial",
        "batchSize": 1
      },
      "type": "Microsoft.Resources/deployments",
      "apiVersion": "2022-09-01",
      "name": "[format('enablemonitoring-{0}', range(0, parameters('NodeCount'))[copyIndex()])]",
      "properties": {
        "expressionEvaluationOptions": {
          "scope": "inner"
        },
        "mode": "Incremental",
        "parameters": {
          "actionGroupsId": {
            "value" : "[parameters('actionGroupsId')]"
          },
        "existingVnetResourceGroupName": {
            "value" : "[parameters('existingVnetResourceGroupName')]"
          },
          "virtualMachineName": {
            "value": "[take(format('vm{0}-{1}', range(0, parameters('NodeCount'))[copyIndex()], variables('virtualMachineName')), 15)]"
          },
          "tagValues": {
              "value" : "[parameters('tagValues')]"
          } 
        },
        "template": {
          "$schema": "https://schema.management.azure.com/schemas/2019-04-01/deploymentTemplate.json#",
          "contentVersion": "1.0.0.0",
          "metadata": {
            "_generator": {
              "name": "bicep",
              "version": "0.17.1.54307",
              "templateHash": "8662714689762209589"
            }
          },
          "parameters": {
            "actionGroupsId": {
              "type": "string"
            },
            "existingVnetResourceGroupName": {
              "type": "string"
            },
            "virtualMachineName": {
              "type": "string"
            },
            "tagValues": {
              "type": "object"
            }
          },
          "resources": [
            {
            "type": "microsoft.insights/metricAlerts",
            "apiVersion": "2018-03-01",
            "name": "[format('{0}-altrl', parameters('virtualMachineName'))]",
            "location": "global",
            "tags": "[parameters('tagValues')]",
            "properties": {
                "severity": 1,
                "enabled": true,
                "scopes": [
                    "[format('/subscriptions/{0}/resourceGroups/{1}/providers/Microsoft.Compute/virtualMachines/{2}', subscription().subscriptionId, parameters('existingVnetResourceGroupName'), parameters('virtualMachineName'))]"
                ],
                "evaluationFrequency": "PT1H",
                "windowSize": "P1D",
                "criteria": {
                    "allOf": [
                           {
                            "threshold": 1000000000,
                            "name": "Metric1",
                            "metricNamespace": "Microsoft.Compute/virtualMachines",
                            "metricName": "Available Memory Bytes",
                            "operator": "LessThan",
                            "timeAggregation": "Average",
                            "criterionType": "StaticThresholdCriterion"
                        },
                        {
                            "threshold": 200000000000,
                            "name": "Metric1",
                            "metricNamespace": "Microsoft.Compute/virtualMachines",
                            "metricName": "Network Out Total",
                            "operator": "GreaterThan",
                            "timeAggregation": "Total",
                            "criterionType": "StaticThresholdCriterion"
                        },
                        {
                            "threshold": 95,
                            "name": "Metric1",
                            "metricNamespace": "Microsoft.Compute/virtualMachines",
                            "metricName": "OS Disk IOPS Consumed Percentage",
                            "operator": "GreaterThan",
                            "timeAggregation": "Average",
                            "criterionType": "StaticThresholdCriterion"
                        },

                        {
                            "threshold": 90,
                            "name": "Metric1",
                            "metricNamespace": "Microsoft.Compute/virtualMachines",
                            "metricName": "Percentage CPU",
                            "operator": "GreaterThan",
                            "timeAggregation": "Average",
                            "criterionType": "StaticThresholdCriterion"
                        },

                      {
                            "threshold": 100,
                            "name": "Metric1",
                            "metricNamespace": "Microsoft.Compute/virtualMachines",
                            "metricName": "VmAvailabilityMetric",
                            "operator": "LessThan",
                            "timeAggregation": "Average",
                            "criterionType": "StaticThresholdCriterion"
                        }      
                    ],
                    "odata.type": "Microsoft.Azure.Monitor.SingleResourceMultipleMetricCriteria"
                },
                "autoMitigate": true,
                "targetResourceType": "Microsoft.Compute/virtualMachines",
                "targetResourceRegion": "australiaeast",
                "actions": [
                    {
                        "actionGroupId": "[parameters('actionGroupsId')]",
                        "webHookProperties": {}
                    }
                ]
            }
           }
          ]
        }
      },
      "dependsOn": [
        "[extensionResourceId(format('/subscriptions/{0}/resourceGroups/{1}', subscription().subscriptionId, parameters('existingSynapseResourceGroup')), 'Microsoft.Resources/deployments', 'nestedTemplate')]",
        "VMtemplate"
      ]
    }
  ]
}
