{
  "$schema": "https://schema.management.azure.com/schemas/2019-04-01/deploymentTemplate.json#",
  "contentVersion": "1.0.0.0",
  "parameters": {
    "location": {
      "type": "string",
      "defaultValue": "[resourceGroup().location]",
      "metadata": {
        "description": "Location for synapse deployment."
      }
    },
    "platformname": {
      "type": "string"
    },
    "allowAllConnections": {
      "type": "string"
    },
    "syn_rg": {
      "type": "string"
    },
    "sparkDeployment": {
      "type": "string",
      "metadata": {
        "description": "'True' deploys an Apache Spark pool as well as a SQL pool. 'False' does not deploy an Apache Spark pool."
      }
    },
    "DSPDeployment": {
      "type": "string",
      "metadata": {
        "description": "'True' deploys an Dedicated SQL pool. 'False' does not deploy dedicated sql pool."
      }
    },
    "SynWsPublicAccess": {
      "type": "string",
      "metadata": {
        "description": "'Disabled' will block the public acess to syanpse workspace."
      }
    }, 
    "sparkNodeSize": {
      "type": "string"
    },

    "sparkPoolName"   : {
        "type": "string"
    },


    "sqlAdministratorLogin": {
      "type": "string"
    },
    "sqlAdministratorLoginPassword": {
      "type": "securestring"
    },
    "DataSubnetID" :{
       "type": "String"
    },  
    "sku": {
      "type": "string",
      "allowedValues": [
        "DW100c",
        "DW200c",
        "DW300c",
        "DW400c",
        "DW500c",
        "DW1000c",
        "DW1500c",
        "DW2000c",
        "DW2500c",
        "DW3000c"
      ],
      "metadata": {
        "description": "Select the SKU of the SQL pool."
      }
    },
    "dl_sku" : {
      "type": "string",
      "allowedValues": [
        "Premium_LRS",
        "Premium_ZRS",
        "Standard_GRS",
        "Standard_GZRS",
        "Standard_LRS",
        "Standard_RAGRS",
        "Standard_RAGZRS",
        "Standard_ZRS"
      ],
      "metadata": {
        "description": "Select the SKU of the datalake."
      }
    },
    "dl_tier" : {
      "type": "string",
      "allowedValues": [
        "Standard",
        "Premium"
      ],
      "metadata": {
        "description": "Select the SKU of the datalake."
      }
    },

    "lakeAccess":{

      "type": "string"

    },

    "sa_sku" : {

      "type" : "string"

    },

    "sa_tier" : {

      "type" : "string"

    },

    "metadataSync": {
      "type": "bool",
      "defaultValue": false,
      "metadata": {
        "description": "Choose whether you want to synchronise metadata."
      }
    },
    "tdeEnable":{
      "type": "string"
    },

    "logAnalyticsWorkspaceName":{

      "type" : "string"
    },

    "synAudit":{

      "type" : "string"
    },
    "enableDiagnosticSettings":{
      "type": "string"
    },
    "synAudit_StorageEP":{
      "type" : "string"
    },

    "DiogSettings_StorageId" :{
      "type": "string"
    },

    "synAudit_StorageSub":{
      "type": "string"
    },
    "synDefender_storageContainerPath":{
      "type": "string"
    },
    "tagValues": {
      "type" : "object"
    }
    },
  "variables": {
    "synapseName": "[toLower(concat('syn-aue-mgmt-',parameters('platformname')))]",
    "adlsName": "[toLower(concat('staauemgmt',parameters('platformname'),'lake01'))]",
    "saName": "[toLower(concat('staauemgmt',parameters('platformname'),'sa01'))]",
    "adlsFsName": "[toLower(concat(variables('adlsName'),'fs1'))]",
    "containerName": "bronze",
    "containerName1": "control",
    "containerName2": "gold",
    "containerName3": "logs",
    "containerName4": "reference",
    "containerName5": "silver",
    "workspaceName": "[toLower(concat(variables('synapseName'),'-ws01'))]",
    "sqlPoolName": "[toLower(concat('dwauemgmt',parameters('platformname'),'dw01'))]",
    "sparkPoolName": "[toLower(concat('spauemgmt',parameters('platformname'),parameters('sparkPoolName')))]",
    "managedrgname": "[parameters('syn_rg')]"

  },
  "resources": [
    {
      "type": "Microsoft.Storage/storageAccounts",
      "apiVersion": "2023-04-01",
      "name": "[variables('adlsName')]",
      "location": "[parameters('location')]",
      "identity": {
        "type": "SystemAssigned"
      },
      "sku": {
        "name": "[parameters('dl_sku')]",
        "tier": "[parameters('dl_tier')]"
      },
      "kind": "StorageV2",
      "tags": "[parameters('tagValues')]",
      "properties": {
        "accessTier": "Hot",
        "supportsHttpsTrafficOnly": true,
        "isHnsEnabled": true,
        "minimumTlsVersion": "TLS1_2",
        "allowBlobPublicAccess": false,
        "encryption": {
            "requireInfrastructureEncryption": true,
                "services": {
                    "file": {
                        "keyType": "Account",
                        "enabled": true
                        },
                    "blob": {
                        "keyType": "Account",
                        "enabled": true
                        }
                    },
                    "keySource": "Microsoft.Storage"
                }
      }

    },
       {
      "condition":"[equals(parameters('enableDiagnosticSettings'),'true')]",
      "scope":"[concat('Microsoft.Storage/storageAccounts/', variables('adlsName'))]",
      "type":"Microsoft.Insights/diagnosticsettings",
      "apiVersion":"2021-05-01-preview",
      "name":"[concat('Diagnosticlogs-', variables('adlsName'))]",
      "dependsOn":[
          "[resourceId('Microsoft.Storage/storageAccounts', variables('adlsName'))]"
      ],
      "properties":{
          "storageAccountId": "[parameters('DiogSettings_StorageId')]",
          "metrics": [
                  {
                    "category": "Transaction",
                    "enabled": true
                  }
        ]
      }
    },
    {
        "type": "Microsoft.Storage/storageAccounts/blobServices/containers",
        "apiVersion": "2023-04-01",
        "name": "[concat(variables('adlsName'), '/default/', variables('containerName'))]",
        "dependsOn": [
          "[resourceId('Microsoft.Storage/storageAccounts', variables('adlsName'))]"
        ],
        "properties": {
          "publicAccess": "None"
        }
     },
    {
        "type": "Microsoft.Storage/storageAccounts/blobServices/containers",
        "apiVersion": "2023-04-01",
        "name": "[concat(variables('adlsName'), '/default/', variables('containerName1'))]",
        "dependsOn": [
          "[resourceId('Microsoft.Storage/storageAccounts', variables('adlsName'))]"
        ],
        "properties": {
          "publicAccess": "None"
        }
    },
    {
        "type": "Microsoft.Storage/storageAccounts/blobServices/containers",
        "apiVersion": "2023-04-01",
        "name": "[concat(variables('adlsName'), '/default/', variables('containerName2'))]",
        "dependsOn": [
          "[resourceId('Microsoft.Storage/storageAccounts', variables('adlsName'))]"
        ],
        "properties": {
          "publicAccess": "None"
        }
    },
    {
        "type": "Microsoft.Storage/storageAccounts/blobServices/containers",
        "apiVersion": "2023-04-01",
        "name": "[concat(variables('adlsName'), '/default/', variables('containerName3'))]",
        "dependsOn": [
          "[resourceId('Microsoft.Storage/storageAccounts', variables('adlsName'))]"
        ],
        "properties": {
          "publicAccess": "None"
        }
    },
      {
        "type": "Microsoft.Storage/storageAccounts/blobServices/containers",
        "apiVersion": "2023-04-01",
        "name": "[concat(variables('adlsName'), '/default/', variables('containerName4'))]",
        "dependsOn": [
          "[resourceId('Microsoft.Storage/storageAccounts', variables('adlsName'))]"
        ],
        "properties": {
          "publicAccess": "None"
        }
    },
    {
        "type": "Microsoft.Storage/storageAccounts/blobServices/containers",
        "apiVersion": "2023-04-01",
        "name": "[concat(variables('adlsName'), '/default/', variables('containerName5'))]",
        "dependsOn": [
          "[resourceId('Microsoft.Storage/storageAccounts', variables('adlsName'))]"
        ],
        "properties": {
          "publicAccess": "None"
        }
    },
    {
        "type": "Microsoft.Storage/storageAccounts/blobServices/containers",
        "apiVersion": "2023-04-01",
        "name": "[concat(variables('adlsName'), '/default/', variables('adlsFsName'))]",
        "dependsOn": [
          "[resourceId('Microsoft.Storage/storageAccounts', variables('adlsName'))]"
        ],
        "properties": {
          "publicAccess": "None"
        }
    },
    {
      "type": "Microsoft.Storage/storageAccounts",
      "apiVersion": "2023-04-01",
      "name": "[variables('saName')]",
      "location": "[parameters('location')]",
      "identity": {
        "type": "SystemAssigned"
      },
      "sku": {
        "name": "[parameters('sa_sku')]",
        "tier": "[parameters('sa_tier')]"
      },
      "kind": "StorageV2",
      "tags": "[parameters('tagValues')]",
      "properties": {
        "accessTier": "Hot",
        "supportsHttpsTrafficOnly": true,
        "isHnsEnabled": false,
        "minimumTlsVersion": "TLS1_2",
        "allowBlobPublicAccess": false,
        "encryption": {
            "requireInfrastructureEncryption": true,
                "services": {
                    "file": {
                        "keyType": "Account",
                        "enabled": true
                        },
                    "blob": {
                        "keyType": "Account",
                        "enabled": true
                        }
                    },
                    "keySource": "Microsoft.Storage"
                }
      }
    },
    //Synapse workspace - SQL Admin Creds
    {
      "type": "Microsoft.Synapse/workspaces",
      "apiVersion": "2021-06-01-preview",
      "name": "[variables('workspaceName')]",
      "location": "[parameters('location')]",
      "identity": {
        "type": "SystemAssigned"
      },
      "tags": "[parameters('tagValues')]",
      "dependsOn": [
        "[resourceId('Microsoft.Storage/storageAccounts', variables('adlsName'))]"
      ],
      "properties": {
        "defaultDataLakeStorage": {
          "accountUrl": "[reference(resourceId('Microsoft.Storage/storageAccounts', variables('adlsName'))).primaryEndpoints.dfs]",
          "filesystem": "[variables('adlsFsName')]"
        },
        "sqlAdministratorLogin": "[parameters('sqlAdministratorLogin')]",
        "sqlAdministratorLoginPassword": "[parameters('sqlAdministratorLoginPassword')]",
        "managedResourceGroupName": "[variables('managedrgname')]",
        "managedVirtualNetwork": "default",
        "managedVirtualNetworkSettings": {
          "preventDataExfiltration": true
          },
          "publicNetworkAccess": "[parameters('SynWsPublicAccess')]"
      }
    },
    //Spark pools
    {
      "condition": "[equals(parameters('sparkDeployment'),'true')]",
      "type": "Microsoft.Synapse/workspaces/bigDataPools",
      "apiVersion": "2021-06-01-preview",
      "name": "[concat(variables('workspaceName'), '/', variables('sparkPoolName'))]",
      "location": "[parameters('location')]",
      "tags": "[parameters('tagValues')]",
      "dependsOn": [
        "[variables('workspaceName')]"
      ],
      "properties": {
        "nodeCount": 3,
        "nodeSizeFamily": "MemoryOptimized",
        "nodeSize": "[parameters('sparkNodeSize')]",
        "autoScale": {
          "enabled": false,
          "minNodeCount": 3,
          "maxNodeCount": 5
        },
        "autoPause": {
          "enabled": true,
          "delayInMinutes": 5
        },
        "sparkVersion": "3.1"
      }
    },
    //SQL Pools
    {
      "condition": "[equals(parameters('DSPDeployment'),'true')]",
      "type": "Microsoft.Synapse/workspaces/sqlPools",
      "apiVersion": "2021-06-01",
      "name": "[concat(variables('workspaceName'), '/', variables('sqlPoolName'))]",
      "location": "[parameters('location')]",
      "sku": {
        "name": "[parameters('sku')]"
      },
      "tags": "[parameters('tagValues')]",
      "dependsOn": [
        "[variables('workspaceName')]"
      ],
      "properties": {
        "createMode": "Default",
        "collation": "SQL_Latin1_General_CP1_CI_AS",
        "storageAccountType": "GRS"
      },
      "resources": [
        {
          "condition": "[parameters('metadataSync')]",
          "type": "metadataSync",
          "apiVersion": "2021-06-01",
          "name": "config",
          "location": "[parameters('location')]",
          "dependsOn": [
            "[variables('sqlPoolName')]"
          ],
          "properties": {
            "Enabled": "[parameters('metadataSync')]"
          }
        },

        {
          "type": "geoBackupPolicies",
          "apiVersion": "2021-06-01",
          "name": "Default",
          "dependsOn": [
            "[variables('sqlPoolName')]"
          ],
          "properties": {
              "state": "Enabled"
            }
          },

        {
          "condition": "[equals(parameters('tdeEnable'),'true')]",
          "type": "transparentDataEncryption",
          "apiVersion": "2021-06-01",
          "name": "current",
          "location": "[parameters('location')]",
          "dependsOn": [
            "[variables('sqlPoolName')]"
          ],
          "properties": {
              "state": "Enabled"
            }
        }     

      ]
    }        
  ]
}
