{
    "$schema": "https://schema.management.azure.com/schemas/2019-04-01/deploymentParameters.json#",
    "contentVersion": "1.0.0.0",
    "parameters": {
        "platformname": {
            "value": "hcc"
        },
    "allowAllConnections": {
        "value": "false"
        },
    "SynWsPublicAccess": {
        "value": "Disabled"
    },    
    "sparkDeployment": {
        "value": "true"

        },
    "DSPDeployment": {
        "value": "true"
    
        },
    "sparkNodeSize" : {
        "value" : "Small"
        },
 
    "sparkPoolName"   : {

        "value": "sp1"
    },

    "sqlAdministratorLogin":{
        "value" : "enttisqladmin"
        },
    "sqlAdministratorLoginPassword":{
        "reference": {
            "keyVault": {
                "id": "/subscriptions/7fb19f04-f881-46d2-864c-e9f2046c7dad/resourceGroups/arg-aue-datamig-prd-network/providers/Microsoft.KeyVault/vaults/akv-aue-mgmt-hcc-kv01"
            },
            "secretName": "SynapseSQLAdminPassword"
        }
    },

    "DataSubnetID":{
        "value": "/subscriptions/7fb19f04-f881-46d2-864c-e9f2046c7dad/resourceGroups/arg-aue-datamig-prd-network/providers/Microsoft.Network/virtualNetworks/vnt-aue-datamig-prd-10.129.4.0_23/subnets/Private-Endpoints" 
    },    
    "sku" : {
        "value" : "DW100c"
        },
    "tdeEnable":{
         "value": "false"
        },    
    "dl_sku" : {
            "value" : "Standard_LRS"
            },
    "dl_tier" : {
            "value" : "Standard"
                },
    "lakeAccess":{
            "value" : "false"
    },            
    "sa_sku" : {
             "value" : "Standard_LRS"
                    },
    "sa_tier" : {
            "value" : "Standard"
                        },                   
    "syn_rg" : {
            "value" : "arg-aue-datamig-prd-synmg-rg"
                },
     
    "logAnalyticsWorkspaceName":   {

        "value" : "laauemgmthcc"
     },
     
    "synAudit":   {

        "value" : "false"
     },
     
     "enableDiagnosticSettings":{
        "value": "true"
     },

    "synAudit_StorageEP": {
         "value": "https://staauemgmthccsa01.blob.core.windows.net/"
     },

    "DiogSettings_StorageId": {
        "value": "/subscriptions/7fb19f04-f881-46d2-864c-e9f2046c7dad/resourceGroups/arg-aue-datamig-prd-network/providers/Microsoft.Storage/storageAccounts/staauemgmthcclake01"
    },     

     "synAudit_StorageSub": {
        "value": "7fb19f04-f881-46d2-864c-e9f2046c7dad"
    },

    "synDefender_storageContainerPath": {

        "value": "https://staauemgmthccsa01.blob.core.windows.net/vulnerability-assessment/"

    },
               
    "tagValues" : {
        "value" : {
            "applicationName": "Data Migration Landing Zone",
            "owner": "KPMG",
            "criticality": "Tier1",
            "costCentre": "1234",
            "contactEmail": "",
            "dataClassification": "Internal",
            "environment": "prd",
            "createdDate": "17-10-2024"
            }
        }
    } 
}