{
    "$schema": "https://schema.management.azure.com/schemas/2019-04-01/deploymentTemplate.json#",
    "contentVersion": "1.0.0.0",
    "parameters": {
        "sqlPrivateEndpointName": {
            "type": "string"
        },
        "sqlOnDemandPrivateEndpointName": {
            "type": "string"
        },
        "devPrivateEndpointName": {
            "type": "string"
        },
        "webPrivateEndpointName": {
            "type": "string"
        },
        "lakePrivateEndpointName": {
            "type": "string"
        },
        "dfsPrivateEndpointName": {
            "type": "string"
        },
        "tablePrivateEndpointName": {
            "type": "string"
        },
        "queuePrivateEndpointName": {
            "type": "string"
        },
        "filePrivateEndpointName": {
            "type": "string"
        },
        "akvPrivateEndpointName": {
            "type": "string"
        },
        "sqlPrivateLinkResource": {
            "type": "string"
        },
        "plhPrivateLinkResource": {
            "type": "string"
        },
        "lakePrivateLinkResource": {
            "type": "string"
        },
        "akvPrivateLinkResource": {
            "type": "string"
        },
        "sqlTargetSubResource": {
            "type": "array",
             "defaultValue": [
                "Sql"
            ]
        },
        "sqlOnDemandTargetSubResource": {
            "type": "array",
             "defaultValue": [
                "SqlOnDemand"
            ]
        },
        "devTargetSubResource": {
            "type": "array",
             "defaultValue": [
                "Dev"
            ]
        },
        "webTargetSubResource": {
            "type": "array",
             "defaultValue": [
                "Web"
            ]
        },
        "lakeTargetSubResource": {
            "type": "array",
             "defaultValue": [
                "Blob"
            ]
        },
        "dfsTargetSubResource": {
            "type": "array",
             "defaultValue": [
                "dfs"
            ]
        },
        "tableTargetSubResource": {
            "type": "array",
             "defaultValue": [
                "table"
            ]
        },
        "queueTargetSubResource": {
            "type": "array",
             "defaultValue": [
                "queue"
            ]
        },
        "fileTargetSubResource": {
            "type": "array",
             "defaultValue": [
                "file"
            ]
        },
        "akvTargetSubResource": {
            "type": "array",
             "defaultValue": [
                "vault"
            ]
        },
        "akvPrivateEndPoint":{
            "type": "string"
        },

        "subnet": {
            "type": "string"
        },
        "tagValues": {
            "type": "object"
    }
    },
    "variables": {
        "location": "[resourceGroup().location]"
    },
    "resources": [
        {
            "location": "[variables('location')]",
            "name": "[parameters('sqlPrivateEndpointName')]",
            "type": "Microsoft.Network/privateEndpoints",
            "apiVersion": "2023-11-01",
            "properties": {
                "subnet": {
                    "id": "[parameters('subnet')]"
                },
                "privateLinkServiceConnections": [
                    {
                        "name": "[parameters('sqlPrivateEndpointName')]",
                        "properties": {
                            "privateLinkServiceId": "[parameters('sqlPrivateLinkResource')]",
                            "groupIds": "[parameters('sqlTargetSubResource')]"
                        }
                    }
                ]
            },
            "tags": "[parameters('tagValues')]"
        },
        {
            "location": "[variables('location')]",
            "name": "[parameters('sqlOnDemandPrivateEndpointName')]",
            "type": "Microsoft.Network/privateEndpoints",
            "apiVersion": "2023-11-01",
            "properties": {
                "subnet": {
                    "id": "[parameters('subnet')]"
                },
                "privateLinkServiceConnections": [
                    {
                        "name": "[parameters('sqlOnDemandPrivateEndpointName')]",
                        "properties": {
                            "privateLinkServiceId": "[parameters('sqlPrivateLinkResource')]",
                            "groupIds": "[parameters('sqlOnDemandTargetSubResource')]"
                        }
                    }
                ]
            },
            "tags": "[parameters('tagValues')]"
        },
        {
            "location": "[variables('location')]",
            "name": "[parameters('devPrivateEndpointName')]",
            "type": "Microsoft.Network/privateEndpoints",
            "apiVersion": "2023-11-01",
            "properties": {
                "subnet": {
                    "id": "[parameters('subnet')]"
                },
                "privateLinkServiceConnections": [
                    {
                        "name": "[parameters('devPrivateEndpointName')]",
                        "properties": {
                            "privateLinkServiceId": "[parameters('sqlPrivateLinkResource')]",
                            "groupIds": "[parameters('devTargetSubResource')]"
                        }
                    }
                ]
            },
            "tags": "[parameters('tagValues')]"
        },
        {
            "location": "[variables('location')]",
            "name": "[parameters('webPrivateEndpointName')]",
            "type": "Microsoft.Network/privateEndpoints",
            "apiVersion": "2023-11-01",
            "properties": {
                "subnet": {
                    "id": "[parameters('subnet')]"
                },
                "privateLinkServiceConnections": [
                    {
                        "name": "[parameters('webPrivateEndpointName')]",
                        "properties": {
                            "privateLinkServiceId": "[parameters('plhPrivateLinkResource')]",
                            "groupIds": "[parameters('webTargetSubResource')]"
                        }
                    }
                ]
            },
            "tags": "[parameters('tagValues')]"
        },
        {
            "location": "[variables('location')]",
            "name": "[parameters('lakePrivateEndpointName')]",
            "type": "Microsoft.Network/privateEndpoints",
            "apiVersion": "2023-11-01",
            "properties": {
                "subnet": {
                    "id": "[parameters('subnet')]"
                },
                "privateLinkServiceConnections": [
                    {
                        "name": "[parameters('lakePrivateEndpointName')]",
                        "properties": {
                            "privateLinkServiceId": "[parameters('lakePrivateLinkResource')]",
                            "groupIds": "[parameters('lakeTargetSubResource')]"
                        }
                    }
                ]
            },
            "tags": "[parameters('tagValues')]"
        },
        {
            "location": "[variables('location')]",
            "name": "[parameters('dfsPrivateEndpointName')]",
            "type": "Microsoft.Network/privateEndpoints",
            "apiVersion": "2023-11-01",
            "properties": {
                "subnet": {
                    "id": "[parameters('subnet')]"
                },
                "privateLinkServiceConnections": [
                    {
                        "name": "[parameters('dfsPrivateEndpointName')]",
                        "properties": {
                            "privateLinkServiceId": "[parameters('lakePrivateLinkResource')]",
                            "groupIds": "[parameters('dfsTargetSubResource')]"
                        }
                    }
                ]
            },
            "tags": "[parameters('tagValues')]"
        },
        {
            "location": "[variables('location')]",
            "name": "[parameters('tablePrivateEndpointName')]",
            "type": "Microsoft.Network/privateEndpoints",
            "apiVersion": "2023-11-01",
            "properties": {
                "subnet": {
                    "id": "[parameters('subnet')]"
                },
                "privateLinkServiceConnections": [
                    {
                        "name": "[parameters('tablePrivateEndpointName')]",
                        "properties": {
                            "privateLinkServiceId": "[parameters('lakePrivateLinkResource')]",
                            "groupIds": "[parameters('tableTargetSubResource')]"
                        }
                    }
                ]
            },
            "tags": "[parameters('tagValues')]"
        },
        {
            "location": "[variables('location')]",
            "name": "[parameters('queuePrivateEndpointName')]",
            "type": "Microsoft.Network/privateEndpoints",
            "apiVersion": "2023-11-01",
            "properties": {
                "subnet": {
                    "id": "[parameters('subnet')]"
                },
                "privateLinkServiceConnections": [
                    {
                        "name": "[parameters('queuePrivateEndpointName')]",
                        "properties": {
                            "privateLinkServiceId": "[parameters('lakePrivateLinkResource')]",
                            "groupIds": "[parameters('queueTargetSubResource')]"
                        }
                    }
                ]
            },
            "tags": "[parameters('tagValues')]"
        },
        {
            "location": "[variables('location')]",
            "name": "[parameters('filePrivateEndpointName')]",
            "type": "Microsoft.Network/privateEndpoints",
            "apiVersion": "2023-11-01",
            "properties": {
                "subnet": {
                    "id": "[parameters('subnet')]"
                },
                "privateLinkServiceConnections": [
                    {
                        "name": "[parameters('filePrivateEndpointName')]",
                        "properties": {
                            "privateLinkServiceId": "[parameters('lakePrivateLinkResource')]",
                            "groupIds": "[parameters('fileTargetSubResource')]"
                        }
                    }
                ]
            },
            "tags": "[parameters('tagValues')]"
        },
        {
            "location": "[variables('location')]",
            "name": "[parameters('akvPrivateEndpointName')]",
            "type": "Microsoft.Network/privateEndpoints",
            "apiVersion": "2023-11-01",
            "properties": {
                "subnet": {
                    "id": "[parameters('subnet')]"
                },
                "privateLinkServiceConnections": [
                    {
                        "name": "[parameters('akvPrivateEndpointName')]",
                        "properties": {
                            "privateLinkServiceId": "[parameters('akvPrivateLinkResource')]",
                            "groupIds": "[parameters('akvTargetSubResource')]"
                        }
                    }
                ]
            },
            "tags": "[parameters('tagValues')]"
        }
    ],
    "outputs": {
        "sqlPrivateEndpointName": {
            "type": "string",
            "value": "[parameters('sqlPrivateEndpointName')]"
        },
        "sqlOnDemandPrivateEndpointName": {
            "type": "string",
            "value": "[parameters('sqlOnDemandPrivateEndpointName')]"
        },
        "devPrivateEndpointName": {
            "type": "string",
            "value": "[parameters('devPrivateEndpointName')]"
        },
        "lakeOnDemandPrivateEndpointName": {
            "type": "string",
            "value": "[parameters('lakePrivateEndpointName')]"
        },
        "akvPrivateEndpointName": {
            "type": "string",
            "value": "[parameters('akvPrivateEndpointName')]"
        }
    }

}