{
    "$schema": "https://schema.management.azure.com/schemas/2019-04-01/deploymentParameters.json#",
    "contentVersion": "1.0.0.0",
    "parameters": {
        "sqlPrivateEndpointName": {
            "value": "syn-aue-mgmt-hcc-ws01-SQL-PE01"
        },
        "sqlOnDemandPrivateEndpointName": {
            "value": "syn-aue-mgmt-hcc-ws01-SQLOD-PE01"
        },
        "devPrivateEndpointName": {
            "value": "syn-aue-mgmt-hcc-ws01-DEV-PE01"
        },
        "webPrivateEndpointName": {
            "value": "syn-aue-mgmt-hcc-ws01-web-PE01"
        },
        "lakePrivateEndpointName": {
            "value": "staauemgmthcclake01-blob-PE01"
        },
        "dfsPrivateEndpointName": {
            "value": "staauemgmthcclake01-dfs-PE01"
        },
        "filePrivateEndpointName": {
            "value": "staauemgmthcclake01-file-PE01"
        },
        "tablePrivateEndpointName": {
            "value": "staauemgmthcclake01-table-PE01"
        },
        "queuePrivateEndpointName": {
            "value": "staauemgmthcclake01-queue-PE01"
        },
        "akvPrivateEndpointName": {
            "value": "akv-aue-mgmt-hcc-kv01-PE01"
        },        
        "akvPrivateEndPoint":{
            "value" : "true"
        },
        "sqlPrivateLinkResource": {
            "value": "/subscriptions/7fb19f04-f881-46d2-864c-e9f2046c7dad/resourceGroups/arg-aue-datamig-prd-network/providers/Microsoft.Synapse/workspaces/syn-aue-mgmt-hcc-ws01" 
        },
        "lakePrivateLinkResource": {
            "value": "/subscriptions/7fb19f04-f881-46d2-864c-e9f2046c7dad/resourceGroups/arg-aue-datamig-prd-network/providers/Microsoft.Storage/storageAccounts/staauemgmthcclake01" 
        },
        "akvPrivateLinkResource": {
            "value": "/subscriptions/7fb19f04-f881-46d2-864c-e9f2046c7dad/resourceGroups/arg-aue-datamig-prd-network/providers/Microsoft.KeyVault/vaults/akv-aue-mgmt-hcc-kv01" 
        },            
        "plhPrivateLinkResource": {
            "value": "/subscriptions/7fb19f04-f881-46d2-864c-e9f2046c7dad/resourceGroups/arg-aue-datamig-prd-network/providers/Microsoft.Synapse/privateLinkHubs/plhauemgmthcc01" 
        },
        "sqlTargetSubResource": {
            "value": [
                "Sql"
            ]
        },
        "sqlOnDemandTargetSubResource": {
            "value": [
                "SqlOnDemand"
            ]
        },
        "devTargetSubResource": {
            "value": [
                "Dev"
            ]
        },
        "webTargetSubResource": {
            "value": [
                "Web"
            ]
        },
        "subnet": {
            "value": "/subscriptions/7fb19f04-f881-46d2-864c-e9f2046c7dad/resourceGroups/arg-aue-datamig-prd-network/providers/Microsoft.Network/virtualNetworks/vnt-aue-datamig-prd-10.129.4.0_23/subnets/Private-Endpoints" 
        },

        "tagValues" : {
            "value" : {
                "applicationName": "Data Migration Landing Zone",
                "owner": "KPMG",
                "criticality": "Tier1",
                "costCentre": "1234",
                "contactEmail": "",
                "dataClassification": "Internal",
                "environment": "prd",
                "createdDate": "22-10-2024"
            }
        }
    }
}