{
    "$schema": "https://schema.management.azure.com/schemas/2019-04-01/deploymentTemplate.json#",
    "contentVersion": "1.0.0.0",
    "parameters": {
    "workspaceName": {
      "type": "string",
      "metadata": {
        "description": "The name of the Log Analytics workspace."
      }
    },
    "sku": {
      "type": "string",
      "defaultValue": "PerGB2018",
      "allowedValues": [
        "Free",
        "PerNode",
        "PerGB2018",
        "Standalone",
        "CapacityReservation"
      ],
      "metadata": {
        "description": "The pricing tier for the Log Analytics workspace."
      }
    },
    "tagValues": {
            "type": "object"
    }
    },
    "variables": {},
    "resources": [
    {
      "type": "Microsoft.OperationalInsights/workspaces",
      "apiVersion": "2021-06-01",
      "location": "[resourceGroup().location]",
      "name": "[parameters('workspaceName')]",
      "tags": "[parameters('tagValues')]",
      "properties": {
        "sku": {
          "name": "[parameters('sku')]"
        }
      }
    }

    ]
}