{
    "$schema": "https://schema.management.azure.com/schemas/2019-04-01/deploymentParameters.json#",
    "contentVersion": "1.0.0.0",
    "parameters": {
      "workspaceName": {
        "value": "laauemgmthcc"
    },
    "sku": {
        "value": "PerGB2018"
    },

    "tagValues": {
            "value": {
                "applicationName": "Data Migration Landing Zone",
                "owner": "KPMG",
                "criticality": "Tier1",
                "costCentre": "1234",
                "contactEmail": "",
                "dataClassification": "Internal",
                "environment": "prd",
                "createdDate": "17-10-2024"
                }
        }
    }
}