{
  "$schema": "https://schema.management.azure.com/schemas/2019-04-01/deploymentTemplate.json#",
  "contentVersion": "1.0.0.0",
  "parameters": {
    "keyVaultName": {
      "type": "string",
      "metadata": {
        "description": "Specifies the name of the key vault."
      }
    },
    "location": {
      "type": "string",
      "defaultValue": "[resourceGroup().location]",
      "metadata": {
        "description": "Specifies the Azure location where the key vault should be created."
      }
    },
    "skuName": {
      "type": "string",
      "defaultValue": "standard",
      "allowedValues": [
        "standard",
        "premium"
      ],
      "metadata": {
        "description": "Specifies whether the key vault is a standard vault or a premium vault."
      }
    },
    "enableDiagnosticSettings":{
      "type": "string"
    },
    "enabledForDeployment":{
      "type": "bool",
      "defaultValue": false,
      "metadata": {
        "description": "Specifies whether Azure Virtual Machines are permitted to retrieve certificates stored as secrets from the key vault."
      }
    },
    "enablePurgeProtection": {
      "type": "bool",
      "defaultValue": false,
      "metadata": {
        "description": "Purge protection enabled."
      }
    },
    "enabledForDiskEncryption": {
      "type": "bool",
      "defaultValue": false,
      "metadata": {
        "description": "Specifies whether Azure Disk Encryption is permitted to retrieve secrets from the vault and unwrap keys."
      }
    },
    "enabledForTemplateDeployment": {
      "type": "bool",
      "defaultValue": true,
      "metadata": {
        "description": "Specifies whether Azure Resource Manager is permitted to retrieve secrets from the key vault."
      }
    },
    "tenantId": {
      "type": "string",
      "defaultValue": "[subscription().tenantId]",
      "metadata": {
        "description": "Specifies the Azure Active Directory tenant ID that should be used for authenticating requests to the key vault. Get it by using Get-AzSubscription cmdlet."
      }
    },
    "spnobjectId":{
      "type": "string",
      "defaultValue": "[subscription().objectId]",
      "metadata": {
        "description": "Specifies the Azure Active Directory object ID that should be used for authenticating requests to the key vault. Get it by using Get-AzSubscription cmdlet."
      }
    },    
    "enableSoftDelete": {
      "type": "bool",
      "defaultValue": true,
      "allowedValues": [
        true,
        false
      ],
      "metadata": {
        "description": "Specifies whether the 'soft delete' functionality is enabled for this key vault. If it's not set to any value(true or false) when creating new key vault, it will be set to true by default. Once set to true, it cannot be reverted to false."
      }
    },
    "softDeleteRetentionInDays": {
      "type": "int",
      "defaultValue": 30,
      "metadata": {
        "description": "Specifies the softDelete data retention days. It accepts >=7 and <=90."
      }
    },
    "enableRbacAuthorization": {
      "type": "bool",
      "defaultValue": true,
      "allowedValues": [
        true,
        false
      ],
      "metadata": {
        "description": "Controls how data actions are authorized. When true, the key vault will use Role Based Access Control (RBAC) for authorization of data actions, and the access policies specified in vault properties will be ignored (warning: this is a preview feature). When false, the key vault will use the access policies specified in vault properties, and any policy stored on Azure Resource Manager will be ignored. If null or not specified, the vault is created with the default value of false. Note that management actions are always authorized with RBAC."
      }
    },
    "secretName": {
      "type": "string",
      "metadata": {
        "description": "Specifies the name of the secret that you want to create."
      }
    },    
    "sassecretName": {
      "type": "string",
      "metadata": {
        "description": "Specifies the name of the secret that you want to create."
      }
    },
    "dgwsassecretName": {
      "type": "string",
      "metadata": {
        "description": "Specifies the name of the secret that you want to create."
      }
    },
    "secretValue": {
      "type": "secureString",
      "metadata": {
        "description": "Specifies the value of the secret that you want to create."
      }
    },
    "sassecretValue": {
      "type": "secureString",
      "metadata": {
        "description": "Specifies the value of the secret that you want to create."
      }
    },
    "dgwsassecretValue": {
      "type": "secureString",
      "metadata": {
        "description": "Specifies the value of the secret that you want to create."
      }
    },    
    "shirSecretName": {
      "type": "string",
      "metadata": {
        "description": "Specifies the name of the secret that you want to create."
      }
    },
    "shirSecretValue": {
      "type": "secureString",
      "metadata": {
        "description": "Specifies the value of the secret that you want to create."
      }
    }, 
    "logsRetentionInDays": {
      "type": "int",
      "defaultValue": 30,
      "maxValue": 365,
      "minValue": 0,
      "metadata": {
        "description": "Specifies the number of days that logs are going to be kept. If you do not want to apply any retention policy and retain data forever, set value to 0."
      }
    },

    "DiogSettings_StorageId" :{
      "type": "string"
    },

    "akvAccess":{

      "type": "string"

    },

    "dataSubnetId" :{
      "type": "string"
    },

    "mgmtSubnetID" :{
      "type": "string"
    },

    "tagValues": {
      "type" : "object"
    }
  },

  "variables" :{

    "secretValueUni": "[concat(toUpper(concat(uniqueString(parameters('secretValue'),toUpper(parameters('keyVaultName'))))),'syn1')]",
    "shirSecretValueUni": "[concat(toUpper(concat(uniqueString(parameters('shirSecretValue'),toUpper(parameters('keyVaultName'))))),'shir1')]"

  },

  "resources": [
    {
      "type": "Microsoft.KeyVault/vaults",
      "apiVersion": "2023-07-01",
      "name": "[parameters('keyVaultName')]",
      "location": "[parameters('location')]",
      "tags": "[parameters('tagValues')]",
      "properties": {
        "enabledForDeployment": "[parameters('enabledForDeployment')]",
        "enablePurgeProtection": "[parameters('enablePurgeProtection')]",
        "provisioningState": "Succeeded",
        "publicNetworkAccess": "Enabled",
        "enabledForDiskEncryption": "[parameters('enabledForDiskEncryption')]",
        "enabledForTemplateDeployment": "[parameters('enabledForTemplateDeployment')]",
        "enableRbacAuthorization": "[parameters('enableRbacAuthorization')]",
        "enableSoftDelete": "[parameters('enableSoftDelete')]",
        "softDeleteRetentionInDays": "[parameters('softDeleteRetentionInDays')]",
        "accessPolicies": [
          {
            "tenantId": "[parameters('tenantId')]",
            "objectId": "[parameters('spnobjectId')]",
            "permissions": {
              "secrets": [
                "get",
                "list",
                "set",
                "delete",
                "recover"
              ]
            }
          }
        ],        
        "tenantId": "[parameters('tenantId')]",
        "sku": {
          "name": "[parameters('skuName')]",
          "family": "A"
        }
      
      }
    },
    {
      "condition": "[equals(parameters('akvAccess'),'true')]",
      "scope": "[resourceId('Microsoft.KeyVault/vaults', parameters('keyVaultName'))]",
      "type": "Microsoft.Authorization/roleAssignments",
      "apiVersion": "2022-04-01",
      "name": "[guid(parameters('keyVaultName'), 'KeyVaultSecretsOfficer')]",
      "dependsOn": [
          "[resourceId('Microsoft.KeyVault/vaults', parameters('keyVaultName'))]"
      ],
      "properties": {
          "roleDefinitionId": "[subscriptionResourceId('Microsoft.Authorization/roleDefinitions', 'b86a8fe4-44ce-4948-aee5-eccb2c155cd7')]",
           "principalId": "2fe2cf6f-a520-442c-bddc-7e0aab784bf0",
          "principalType": "User"
      }
    },
    {
      "condition": "[equals(parameters('akvAccess'),'true')]",
      "scope": "[resourceId('Microsoft.KeyVault/vaults', parameters('keyVaultName'))]",
      "type": "Microsoft.Authorization/roleAssignments",
      "apiVersion": "2022-04-01",
      "name": "[guid(parameters('keyVaultName'), 'keyVaultReader')]",
      "dependsOn": [
          "[resourceId('Microsoft.KeyVault/vaults', parameters('keyVaultName'))]"
      ],
      "properties": {
          "roleDefinitionId": "[subscriptionResourceId('Microsoft.Authorization/roleDefinitions', '21090545-7ca7-4776-b22c-e363652d74d2')]",
           "principalId": "2fe2cf6f-a520-442c-bddc-7e0aab784bf0",
          "principalType": "User"
      }
    },
    {
      "type": "Microsoft.KeyVault/vaults/secrets",
      "apiVersion": "2023-07-01",
      "name": "[format('{0}/{1}', parameters('keyVaultName'), parameters('secretName'))]",
      "properties": {
        "value": "[variables('secretValueUni')]"
      },
      "dependsOn": [
        "[resourceId('Microsoft.KeyVault/vaults', parameters('keyVaultName'))]"
      ]
    },
    {
      "type": "Microsoft.KeyVault/vaults/secrets",
      "apiVersion": "2023-07-01",
      "name": "[format('{0}/{1}', parameters('keyVaultName'), parameters('sassecretName'))]",
      "properties": {
        "value": "[parameters('sassecretValue')]"
      },
      "dependsOn": [
        "[resourceId('Microsoft.KeyVault/vaults', parameters('keyVaultName'))]"
      ]
    },
    {
      "type": "Microsoft.KeyVault/vaults/secrets",
      "apiVersion": "2023-07-01",
      "name": "[format('{0}/{1}', parameters('keyVaultName'), parameters('dgwsassecretName'))]",
      "properties": {
        "value": "[parameters('dgwsassecretValue')]"
      },
      "dependsOn": [
        "[resourceId('Microsoft.KeyVault/vaults', parameters('keyVaultName'))]"
      ]
    },
    {
      "type": "Microsoft.KeyVault/vaults/secrets",
      "apiVersion": "2023-07-01",
      "name": "[format('{0}/{1}', parameters('keyVaultName'), parameters('shirSecretName'))]",
      "properties": {
        "value": "[variables('shirSecretValueUni')]"
      },
      "dependsOn": [
        "[resourceId('Microsoft.KeyVault/vaults', parameters('keyVaultName'))]"
      ]
    },

    {
      "condition":"[equals(parameters('enableDiagnosticSettings'),'true')]",
      "type": "Microsoft.Insights/guestDiagnosticSettings",
      "apiVersion": "2018-06-01-preview",
      "scope": "[format('Microsoft.KeyVault/vaults/{0}', parameters('keyVaultName'))]",
      "name": "service",
      "location": "[parameters('location')]",
      "properties": {
        "storageAccountId": "[parameters('DiogSettings_StorageId')]",
        "logs": [
          {
            "category": "AuditEvent",
            "enabled": true,
            "retentionPolicy": {
              "enabled": true,
              "days": "[parameters('logsRetentionInDays')]"
            }
          }
        ],
        "metrics": [
          {
            "category": "AllMetrics",
            "enabled": true,
            "retentionPolicy": {
              "enabled": true,
              "days": "[parameters('logsRetentionInDays')]"
            }
        
      }
        ],
      "dependsOn": [
        "[resourceId('Microsoft.KeyVault/vaults', parameters('keyVaultName'))]"
      ]
      }
    }
  ],
  "outputs": {
    "secretUri": {
      "type": "string",
      "value": "[reference(resourceId('Microsoft.KeyVault/vaults/secrets', parameters('keyVaultName'), parameters('secretName'))).secretUriWithVersion]"
    }
  }
}