{
  "$schema": "https://schema.management.azure.com/schemas/2019-04-01/deploymentParameters.json#",
  "contentVersion": "1.0.0.0",
  "parameters": {
      "keyVaultName": {
          "value": "akv-aue-mgmt-hcc-kv01"
      },
      "secretName": {
          "value": "SynapseSQLAdminPassword"
      },
      "secretValue": {
          "value": "SYnapseSQlPassword5678"
      },
      "sassecretName": {
        "value": "ShirPowershellStoragePassword"
      },
      "dgwsassecretName": {
        "value": "DGWPowershellStoragePassword"
      },
      "sassecretValue": {
        "value": "?sp=r&st=2024-10-22T03:33:37Z&se=2024-11-01T11:33:37Z&spr=https&sv=2022-11-02&sr=b&sig=jYQ46t6j9lU8JGgL1QXcxDVc9nZZSPutsHDv%2BScXj8o%3D"
      },
      "dgwsassecretValue": {
        "value": "?sp=r&st=2024-10-23T05:17:33Z&se=2024-10-31T13:17:33Z&spr=https&sv=2022-11-02&sr=b&sig=3Lcfj2NyUtmMV38s6Js63lFlZa2Nls2VaGiMZdZk3AA%3D"
      },      
      "shirSecretName": {
        "value": "ShirAdminPassword"
    },
    "shirSecretValue": {
        "value": "SHiRAdMinPassword94678"
    },
    "enableDiagnosticSettings":{
      "value": "false"
   },
   "enabledForDeployment":{
      "value": true
   },
   "enablePurgeProtection":{
    "value": true
  },
  "enableSoftDelete":{
    "value": true
  },
  "spnobjectId":{
    "value": "06bb0a3d-f7f4-40f3-875e-2676d22a4cd1"
  },
  "akvAccess":{
            "value" : "true"
  },
   "DiogSettings_StorageId": {
        "value": "/subscriptions/7fb19f04-f881-46d2-864c-e9f2046c7dad/resourceGroups/arg-aue-datamig-prd-network/providers/Microsoft.Storage/storageAccounts/staauemgmthccsa01"
   }, 
   "dataSubnetId":{
        "value": "/subscriptions/7fb19f04-f881-46d2-864c-e9f2046c7dad/resourceGroups/arg-aue-datamig-prd-network/providers/Microsoft.Network/virtualNetworks/vnt-aue-datamig-prd-10.129.4.0_23/subnets/Private-Endpoints"  
    },
    "mgmtSubnetID":{
        "value": "/subscriptions/7fb19f04-f881-46d2-864c-e9f2046c7dad/resourceGroups/arg-aue-datamig-prd-network/providers/Microsoft.Network/virtualNetworks/vnt-aue-datamig-prd-10.129.4.0_23/subnets/Private-Endpoints" 
    },     
      "tagValues": {
        "value" : {
            "applicationName": "Data Migration Landing Zone",
            "owner": "KPMG",
            "criticality": "Tier1",
            "costCentre": "1234",
            "contactEmail": "",
            "dataClassification": "Internal",
            "environment": "prd",
            "createdDate": "17-10-2024"
          }
    } 
  }
}